seed,basis,k,teacher_val_acc,frozen_nmse,full64_nmse,final_nmse,difference_vs_frozen,ratio_over_full64,final_val_acc,full64_val_acc
1470,identity,8,0.9888888597488403,0.07108925318588237,0.04892159864204321,0.06649098186567136,-0.0045982713202110115,1.3591334647950166,0.9629629850387573,0.9629629850387573
1470,identity,16,0.9888888597488403,0.07108925318588237,0.04892159864204321,0.06363909204521859,-0.007450161140663783,1.3008383579380247,0.9629629850387573,0.9629629850387573
1470,identity,24,0.9888888597488403,0.07108925318588237,0.04892159864204321,0.061725696207018566,-0.009363556978863805,1.26172688383841,0.9629629850387573,0.9629629850387573
1470,identity,32,0.9888888597488403,0.07108925318588237,0.04892159864204321,0.05864049410311405,-0.012448759082768317,1.1986626711073671,0.9629629850387573,0.9629629850387573
1470,random_20261001,8,0.9888888597488403,0.07108925318588237,0.04892159864204321,0.06775060804069813,-0.003338645145184241,1.3848813187080373,0.9629629850387573,0.9629629850387573
1470,random_20261001,16,0.9888888597488403,0.07108925318588237,0.04892159864204321,0.06418788126708556,-0.006901371918796806,1.3120560866529516,0.9629629850387573,0.9629629850387573
1470,random_20261001,24,0.9888888597488403,0.07108925318588237,0.04892159864204321,0.05998998526099502,-0.01109926792488735,1.2262474433825972,0.9629629850387573,0.9629629850387573
1470,random_20261001,32,0.9888888597488403,0.07108925318588237,0.04892159864204321,0.056916538851882956,-0.014172714333999414,1.1634235272714268,0.9629629850387573,0.9629629850387573
1470,random_20261002,8,0.9888888597488403,0.07108925318588237,0.04892159864204321,0.0666473326064109,-0.004441920579471473,1.362329409839322,0.9629629850387573,0.9629629850387573
1470,random_20261002,16,0.9888888597488403,0.07108925318588237,0.04892159864204321,0.0631958119231219,-0.007893441262760467,1.2917773269332913,0.9629629850387573,0.9629629850387573
1470,random_20261002,24,0.9888888597488403,0.07108925318588237,0.04892159864204321,0.059300607667855776,-0.011788645518026595,1.2121559661562828,0.9629629850387573,0.9629629850387573
1470,random_20261002,32,0.9888888597488403,0.07108925318588237,0.04892159864204321,0.05787543485036695,-0.01321381833551542,1.1830139966831345,0.9629629850387573,0.9629629850387573
1471,identity,8,0.9740740656852722,0.0689225746747657,0.046896006113666004,0.06486490560538996,-0.004057669069375742,1.383169119565946,0.9629629850387573,0.9629629850387573
1471,identity,16,0.9740740656852722,0.0689225746747657,0.046896006113666004,0.061666620778941916,-0.007255953895823786,1.3149717026693713,0.9629629850387573,0.9629629850387573
1471,identity,24,0.9740740656852722,0.0689225746747657,0.046896006113666004,0.05864571100570458,-0.010276863669061123,1.250548092806875,0.9629629850387573,0.9629629850387573
1471,identity,32,0.9740740656852722,0.0689225746747657,0.046896006113666004,0.05608147319262696,-0.01284110148213874,1.1958688562240745,0.9629629850387573,0.9629629850387573
1471,random_20261001,8,0.9740740656852722,0.0689225746747657,0.046896006113666004,0.06534036062135029,-0.003582214053415411,1.3933033116504436,0.9629629850387573,0.9629629850387573
1471,random_20261001,16,0.9740740656852722,0.0689225746747657,0.046896006113666004,0.061890929695634145,-0.007031644979131557,1.319748414089328,0.9629629850387573,0.9629629850387573
1471,random_20261001,24,0.9740740656852722,0.0689225746747657,0.046896006113666004,0.0581303880820341,-0.010792186592731603,1.2395593940244818,0.9629629850387573,0.9629629850387573
1471,random_20261001,32,0.9740740656852722,0.0689225746747657,0.046896006113666004,0.055451188734421654,-0.013471385940344047,1.1824255863213693,0.9629629850387573,0.9629629850387573
1471,random_20261002,8,0.9740740656852722,0.0689225746747657,0.046896006113666004,0.0649779857150986,-0.003944588959667096,1.3855759210991238,0.9629629850387573,0.9629629850387573
1471,random_20261002,16,0.9740740656852722,0.0689225746747657,0.046896006113666004,0.06177157304825082,-0.007151001626514883,1.3172029655830173,0.9629629850387573,0.9629629850387573
1471,random_20261002,24,0.9740740656852722,0.0689225746747657,0.046896006113666004,0.057924269286816335,-0.010998305387949367,1.2351638125079393,0.9629629850387573,0.9629629850387573
1471,random_20261002,32,0.9740740656852722,0.0689225746747657,0.046896006113666004,0.055594109222341465,-0.013328465452424237,1.1854735524281406,0.9629629850387573,0.9629629850387573
1472,identity,8,0.970370352268219,0.07485564374305716,0.04810420077863556,0.06938187481004807,-0.00547376893300909,1.4423108061150933,0.9555555582046509,0.9740740656852722
1472,identity,16,0.970370352268219,0.07485564374305716,0.04810420077863556,0.06580322121955294,-0.009052422523504217,1.3679121742326577,0.9555555582046509,0.9740740656852722
1472,identity,24,0.970370352268219,0.07485564374305716,0.04810420077863556,0.061071922733939035,-0.013783721009118122,1.2695445171558425,0.9592592716217041,0.9740740656852722
1472,identity,32,0.970370352268219,0.07485564374305716,0.04810420077863556,0.058419396617078116,-0.01643624712597904,1.2144291354952418,0.9666666388511658,0.9740740656852722
1472,random_20261001,8,0.970370352268219,0.07485564374305716,0.04810420077863556,0.07100860259771617,-0.0038470411453409847,1.4761414065370588,0.9629629850387573,0.9740740656852722
1472,random_20261001,16,0.970370352268219,0.07485564374305716,0.04810420077863556,0.06783373659809382,-0.007021907144963341,1.4101416404411131,0.9629629850387573,0.9740740656852722
1472,random_20261001,24,0.970370352268219,0.07485564374305716,0.04810420077863556,0.06301425163635754,-0.011841392106699614,1.3099531977744439,0.9592592716217041,0.9740740656852722
1472,random_20261001,32,0.970370352268219,0.07485564374305716,0.04810420077863556,0.0588116798903559,-0.016043963852701258,1.2225892736685033,0.9666666388511658,0.9740740656852722
1472,random_20261002,8,0.970370352268219,0.07485564374305716,0.04810420077863556,0.07021975352184515,-0.004635890221212011,1.4597428765195536,0.9629629850387573,0.9740740656852722
1472,random_20261002,16,0.970370352268219,0.07485564374305716,0.04810420077863556,0.06671522474229195,-0.008140419000765214,1.3868948798339395,0.9629629850387573,0.9740740656852722
1472,random_20261002,24,0.970370352268219,0.07485564374305716,0.04810420077863556,0.06253291338067668,-0.01232273036238048,1.2999488335865068,0.9629629850387573,0.9740740656852722
1472,random_20261002,32,0.970370352268219,0.07485564374305716,0.04810420077863556,0.058419396617078116,-0.01643624712597904,1.2144291354952418,0.9666666388511658,0.9740740656852722
